<beans xmlns="http://www.springframework.org/schema/beans"
	xmlns:xsi="http://www.w3.org/2001/XMLSchema-instance"
	xmlns:context="http://www.springframework.org/schema/context"
	xsi:schemaLocation="http://www.springframework.org/schema/beans
    http://www.springframework.org/schema/beans/spring-beans-3.0.xsd
    http://www.springframework.org/schema/context
    http://www.springframework.org/schema/context/spring-context-3.0.xsd">
    
    
<!--   <bean class="com.iverson.springcore.Employee" id="emp">
  <property name="eid" value="123"></property>
  <property name="ename" value="sandeep"></property>
  <property name="esal" value="8000"></property>
  <property name="edesg" value="trainer"></property>
  </bean>  
     -->
    
    
<bean class="com.iverson.springcore.Employee" id="emp">
  <constructor-arg name="eid" value="111"></constructor-arg>
  <constructor-arg name="ename" value="mahesh"></constructor-arg>
  <constructor-arg name="esal" value="12000"></constructor-arg>
  <constructor-arg name="edesg" value="developer"></constructor-arg>
  </bean>  
    
    
    
    
</beans>