<beans xmlns="http://www.springframework.org/schema/beans"
	xmlns:xsi="http://www.w3.org/2001/XMLSchema-instance"
	xmlns:context="http://www.springframework.org/schema/context"
	xsi:schemaLocation="http://www.springframework.org/schema/beans
    http://www.springframework.org/schema/beans/spring-beans-3.0.xsd
    http://www.springframework.org/schema/context
    http://www.springframework.org/schema/context/spring-context-3.0.xsd">
    
	<bean class="com.iverson.springcore.Employee" id="emp" autowire="constructor">
		<constructor-arg name="eid" value="123"></constructor-arg>
		<constructor-arg name="ename" value="sandeep"></constructor-arg>
		<constructor-arg name="esal" value="8000"></constructor-arg>
		<constructor-arg name="edesg" value="trainer"></constructor-arg>

	</bean>
	
	<bean class="com.iverson.springcore.Address" id="address">
		<constructor-arg name="hno" value="44"></constructor-arg>
		<constructor-arg name="colony" value="bankcolony"></constructor-arg>
		<constructor-arg name="city" value="hyderabad"></constructor-arg>
		<constructor-arg name="pincode" value="500074"></constructor-arg>
	</bean>
</beans>